-1001609679653,"**Accenture Off Campus Drive | For Project Management**

Degree: Any Degree

Branch: Any Stream

Batch : 2018, 19, 20, 21, 2022

Salary:  3.6 LPA*

Experience: Fresher (0  1)

**Apply Link**: https://placementkit.in/accenture-off-campus-drive-for-project-management/

**Telegram**: https://t.me/placementkit

**Share This Info To Your Friends and WhatsApp Group**"
-1001184271074,"Micron is hiring 
Position: Java Developer
 Apply: https://bit.ly/3svKbDm
 All the best."
-1001135264574,"**Google** is hiring **Interns**!!!

**Position:**
 Engineering Interns

It's a **PAID Internship.**

**Details:**https://bit.ly/google_oc

All the Best!
_______________________________
Posting 10+ Educational Opportunities daily:
 Instagram: https://bit.ly/oc_insta
 Telegram: https://lnkd.in/gVzTsTX
 WhatsApp: http://bit.ly/join_oc
 Facebook: https://bit.ly/oc_facebook
 LinkedIn: https://bit.ly/linkedin_oc
_______________________________"
-1001135264574,"**Piramal Group** is hiring **Interns**!

 **Positions**:
 Research and Development
 Engineering
 Production
 Quality
 Supply Chain
 Sales and Marketing
 Human Resources
 Finance
 Safety, Health, and Environment

 **How to apply:**
Details: https://bit.ly/31YpKmr


All the Best"
-1001562730876,"**INFOSYS IS HIRING**` | 2019/20/21/22 batch`

 **Last Date -** 1st MAR 2022
**System Engineer** `| 3.6LPA
  Engg./MCA/MSc` [Apply Link
](http://surveys.infosysapps.com/r/a/Infosys_Offcampus_FebMAR)
**Operation Executive** | `2.2LPA`
     B.Com [Apply Link](http://surveys.infosysapps.com/r/a/Infosys_Offcampus_BComMAR)
     Diploma [Apply Link](http://surveys.infosysapps.com/r/a/Infosys_Offcampus_DiplomaMAR)
     BSc/BCA [Apply Link
](http://surveys.infosysapps.com/r/a/Infosys_Offcampus_NEGMAR)
**Telegram -** t.me/prepflix"
-1001380637350,"```XL Dynamics Off Campus Drive | 3 - 5lpa | Hiring based on skills but not degree

```xldynamics.com/Opening/it-help-desk

~via @PrepFilx"
-1001184271074,"UNISYS is hiring 
Position: IT Support
 Apply: https://bit.ly/2QsFbRF
 All the best."
-1001309472884,"Zebra Hiring Fresher For Software Engineer

Location  : Pune

Qualification   : Bachelor's Degree

Batch   : 2019/2020/2021 and others

Work Experience : Fresher

CTC  : 8.5 LPA

Apply Link   : https://bit.ly/3ApbJyG

Telegram Group Link : https://t.me/fresheroffcampus"
-1001309472884,"*Latest *IBM Off Campus Hiring Fresher For Systems Engineer

Location : Across India

Qualification : B.E/B.Tech/M.E/M.Tech/MCA

Batch : 2018/2019/2020

Work Experience : Fresher

CTC  : 4 LPA

Apply Link : https://bit.ly/3vO24yT

Telegram Group Link : https://t.me/fresheroffcampus"
-1001609679653,"**TCS Walk In Interview 2022 | For Multiple post**

Degree: BA, BBA, BBM, B.Com, B.Sc, BCA and MBA

Interview: Date 5th  9th September 2022.

Batch: 2018, 19, 20, 21, 2022

Salary:  3.4 LPA*

Experience: Fresher

**Apply Link**: https://placementkit.in/tcs-walk-in-interview-2022/

**Telegram**: https://t.me/placementkit

**Share This Info To Your Friends and WhatsApp Group**"
-1001609679653,"**Capgemini Engineering PSS Hiring**

 **Degree**: BE, B TECH, MCA
 **Batch**: 2020, 2021 & 2022
 **CTC** -  4 LPA*
**Last Date: 20 Oct 11.59 PM**

** Apply Link** - https://bit.ly/3BB9aee

 **Telegram** - https://t.me/prepflix"
-1001380637350,"```EMTEC Hiring | 2021 Batch | 4lpa+

```**Eligibility: BE | MCA | MSc
Last Date - 22nd April
Exam date - 25th April

****emtec.digital/join-our-team/freshers-recruitment-drive****

**~via @PrepFlix"
-1001590952025,"Elitmus is hiring for Business Associate
Location: Bangalore
Qualification: MBA
Experience: 0 - 2 Years
Salary: As Per Company Standards
Apply Now: https://nexturl.in/SLO7X"
-1001184271074,"MasterCard is hiring 
Position: Junior SDE
 Apply: https://bit.ly/3rednOw
 All the best."
-1001184271074,"MAQ Software is hiring 
Position: Software Engineer
 Apply: https://bit.ly/3t4OhSK
 All the bes"
-1001184271074,"Discovery is hiring 
Position: SDE
 Apply: https://bit.ly/3gBN8z2
 All the best."
-1001380637350," **Wipro Elite NLTH Registration

Last date**: 5th Jan 2021
**Online Exam**: 18th23th Jan 2021

**Apply Link**: bit.ly/nlthexam4

**Batch**: 2021 Passout
**Eligibility**: B.E/B.Tech/5yrs Integ-M.Tech
**Branch**: CS/IT/Circuital

**CTC**: INR 3.50 lpa & 6.75 lpa

**- via** @prepflix"
-1001309472884,"Discovery Hiring Fresher For Software Development Engineer

Location  : Bangalore

Qualification   : Bachelor's Degree

Batch   : 2019/2020/2021 and others

Work Experience : Fresher

CTC  : 4.5 - 10 LPA

Apply Link   : https://bit.ly/3xbRfav

Telegram Group Link : https://t.me/fresheroffcampus"
-1001309472884,"IndiGo Off Campus Hiring Fresher For Associate JTO | B.E / B.Tech Graduates | Gurugram

Location : Gurugram

Qualification : B.E / B.Tech Graduates

Work Experience : Fresher to 2 Year

Apply Link : https://bit.ly/2TsOEKp

Telegram Group Link : https://t.me/fresheroffcampus"
-1001309472884,"Accenture Hiring Fresher For Associate  Digital Marketing | Any Graduate

Location : Hyderabad

Qualification : Any Graduate

Work Experience : Fresher - 1 Year

Apply Link : https://bit.ly/3fvTPBE

Telegram Group Link : https://t.me/fresheroffcampus"
-1001135264574,"**Piramal Pharma Solutions is hiring Interns!!**

Internship Positions in following domains:-
 Engineering 
 Production 
 Quality
 Research and Development
 Supply Chain
 Sales and Marketing
 Human Resources
 Finance
 Safety, Health, and Environment

**Details**: https://bit.ly/38sdM7y"
-1001590952025,"Synopsys hiring for Software Engineer position
Qualification: BE/B.Tech - CSE ,IT, ECE
Location: Noida
2020/2021 graduates can apply
Apply Now: https://nexturl.in/rFWkb"
-1001309472884,"KPMG Off Campus Hiring Fresher For Analyst

Location   : Bangalore

Qualification   : B.E/B.Tech Graduate

Batch     : 2019/2020/2021

Work Experience : Fresher

CTC    : 4 LPA

Apply Link   : https://bit.ly/3g9rkJp

Telegram Group Link : https://t.me/fresheroffcampus"
-1001590952025,"IBM is hiring for Software Engineer,
Qualification : BE/B.Tech/ME/M.Tech/MCA
Location: Across India
2020 & 2021 graduates can apply
Salary not disclosed
Apply Now: https://nexturl.in/eQgIq"
-1001590952025,"VMWare hiring Software Engineer
Qualification : BE/ B.Tech/ ME/ M.Tech (CSE, IT, ECE)
Location : Bangalore
Experience : 0 - 2 Years
Apply Link: https://nexturl.in/BkPRW"
-1001135264574,"**National Health Authority** of India (NHA) is hiring **Young Professionals**!!

**Positions:**

1. **Young Professionals - Convergence of Scheme (YP-COS)** https://bit.ly/yp_hnqa

2. **Young Professionals - Hospital Network and Quality** https://bit.ly/yp_cos"
-1001309472884,"Apple Off Campus Hiring Freshers For Test Engineer Role

Location : Abroad

Qualification : B.E/B.Tech/M.E/M.Tech

CTC  : 10 - 15 LPA

Batch : 2020,2021

Work Experience : Fresher

Apply Link  : https://bit.ly/3gYSFj0

Telegram Group Link : https://t.me/fresheroffcampus"
-1001309472884,"Dell 2021 Hiring Fresher For Software Engineer | Dell June Openings

Location  : Bangalore

Qualification  : B.E/B.Tech/M.E/M.Tech

Batch   : 2019/2020/2021

Work Experience : Fresher

CTC  : 8 LPA

Apply Link  : https://bit.ly/3vJVs3I

Telegram Group Link : https://t.me/fresheroffcampus"
-1001135264574,"Apply for a paid internship in Switzerland in 2020-21!


If youre an undergraduate in the technical or administrative fields and youre looking to spend a few months training on-the-job, imagine doing your internship at CERN in Geneva.  

*Details: https://bit.ly/2Nk3U5L*

*Note:* In every one hour we will post a opportunity for you in *Instagram as Story or in Post. https://bit.ly/oc_insta*"
-1001609679653,"**Philips Recruitment Drive 2022 | Support Engineer**

Degree: Any Degree

Batch: 2022, 21, 20, 19, 18

Experience: Freshers

Salary: 3.6 LPA*

**Apply Link**: https://placementkit.in/philips-recruitment-drive-2022/

**Telegram**: https://t.me/offcampusdrive_it

**Share This Info To Your Friends and WhatsApp Group**"
-1001609679653,"**HCL Hiring Graduate Engineer Trainee**

 **Degree**: BE, B Tech, MCA
 **Batch**: 2020, 21, 2022
 **CTC** -  4.5 LPA*

 **Apply Link** - https://bit.ly/3RfRtH3

 **Telegram** - https://t.me/offcampusdrive_it"
-1001184271074,"CVENT is hiring 
Position: Associate Market Research
 Apply: https://bit.ly/3sGaXrX
 All the best."
-1001309472884,"Greeksoft Technologies Hiring Fresher For Software Developer / Software Test Engineer

Location   : Mumbai/Pune

Qualification   : B.E/B.Tech

Batch     : 2019/2020/2021

Work Experience : Fresher

Apply Link   : https://bit.ly/2SY4AnM

Telegram Group Link : https://t.me/fresheroffcampus"
-1001590952025,"Virtusa hiring for AWS ENGINEER
Location: Hyderabad/Secunderabad, Pune, Chennai, Bangalore/Bengaluru
Requirement: 1 to 3 years of hands-on experience with AWS Cloud
Education: B.Tech/B.E. in Any Specialization
Apply Now: https://nexturl.in/ZL0uF"
-1001380637350,"```GSPANN Hiring | 2017 - 2020 Batch | 3.4LPA

```mymapit.in/#/publicview/test/candidate/token/hnuJF4bL

~ via @PrepFlix"
-1001590952025,"Wipro is hiring for Associate - Payments role
Job Type: non-coding
Location: Hyderabad
Graduates and Freshers are eligible
Batch & Salary not disclosed
Apply Now: https://nexturl.in/jnrJZ"
-1001299734537,"Dear all,
Hope you all are safe and well.
""Hacking just means building something quickly or testing the boundaries of what can be done. ""  
                       -Mark Zuckerberg

Hacking is not a crime, it's a profession till the time one plays with it safely. There are always boundaries to be maintained, that's the rule every professional obey. Here at Ahmedabad University, the IEEE WIE Student branch is providing you with a webinar that would introduce you to those boundaries. 
 Learning from the finest in the field,Niralee Chavda. In the 90 minutes of conversation withNiralee Chavdalets get some inside secrets from someone who has good experience of corporate-level training in Infrastructure and security. Having 4 years of experience in Networking and server. Alongside being a Red hat certified Trainer, she has had the opportunity to work with technicians from all-round engineering disciplines has allowed her to troubleshoot complex system-level issues adding more to her bag of experience. Her job includes getting freshers job-ready and onboard for industry project work. This would be an advantage for all attendees to learn from the perspective of the corporate world.For more information about the speaker kindly refer to the pdf attached.

This being an opportunity which one can hardly miss, register yourself and save a seat. Learning these things without guidance can be a hassle. For everyone who wants to gain any knowledge, this just could be the kickstart to an amazing journey.
All relevant details are as follows
Speaker: Niralee Chavda
Date: May 13th, 2020
Day: Wednesday
Time: 3:00 PM to 4:30PM
Registration Link: https://docs.google.com/forms/d/e/1FAIpQLSeOsUJQKRMMekN3tk7xYrCXCt1xGyXXHA7wSikY-ok5Xc0CLg/viewform?usp=sf_link"
-1001590952025,"Viasat is hiring for Software Engineer
Qualification: Bachelors Degree, Masters Degree
Experience: 0-1 Year
Location: Chennai
https://nexturl.in/osmVd"
-1001135264574,"**Delhi Commission for Protection of Child Rights** is hiring **Interns**

 **Domains**: Multiple 
 **Eligibility**: Any level of UG/PG.
 **Remuneration**: Stipend, Certificate & LOR.

**Details**: https://bit.ly/dcpcr_oc
All the Best "
-1001309472884,"XL Dynamics Hiring Freher And Experinenced Jobs For IT Help Desk

Location   : Work From Home

Qualification   : Any Graduates

Batch     : All Batch

Work Experience : Fresher

CTC    : 3 - 5 LPA

Apply Link   : https://bit.ly/3ind4iK

Telegram Group Link : https://t.me/fresheroffcampus"
-1001590952025,"Infosys hiring freshers for System Engineer position
Qualification: BE/B.Tech/B.Sc/BCA
Location: Coimbatore
2020/2021 graduates can apply
Apply Now: https://nexturl.in/YB7lL"
-1001609679653,"**Viasat Off Campus Drive | For Internship**

 **Degree**: BE, B Tech, ME, M Tech
 **Batch**: 2023
 **CTC** - Up To  4 LPA*

** Apply Link** - https://bit.ly/3woCQt5

 **Telegram** - t.me/prepflix"
-1001309472884,"Nielsen Hiring Fresher For Trainee Analyst 

Location : Bengaluru

Qualification : Bachelors Degree

Work Experience : Fresher

CTC   : 3 LPA

Apply Link : https://bit.ly/3catzuD

Telegram Group Link : https://t.me/fresheroffcampus"
-1001590952025,"IBM is hiring for Application Support Engineer
Qualification : BE/ B.Tech/ B.Sc/ BCA
Location: Bangalore
2020/2021 Passouts can apply
Apply Link: https://nexturl.in/a5wSF"
-1001135264574,"**SPRF and LWM** are inviting applications for **Fellowship**

 **Eligibility**: Graduate/ Post Graduate in social sciences, water policy, development studies, ecology, sustainability and other relevant disciplines.
 **Perks**: Rs. 20000, Mentoring by Top Professionals
 **Duration**: 8 Weeks

Details: https://bit.ly/3igpaH2"
-1001609679653,"**Hexaware Technologies Hiring Drive 2022 | For AWS DevOps**

Degree: Any Bachelors, Masters Degree

Branch: Any Branches

Batch: 2018, 19, 20, 21, 22

Salary: INR 4 LPA*

Experience: Fresher

**Apply Link**: https://placementkit.in/hexaware-technologies-hiring-drive-2022/

**Telegram**: https://t.me/offcampusdrive_it

**Share This Info To Your Friends and WhatsApp Group**"
-1001135264574,"Dear Members,
We've done some research for you and shared the list of **20 Companies who are hiring for Multiple Roles Right Now.
**
**Link to our Instagram Page:**https://bit.ly/oc_insta

All the Best"
-1001562730876,"`OBJECT EDGE OFF CAMPUS DRIVE | 4LPA - 7LPA | 2021 & Below Batch

`assessment.hackerearth.com/challenges/hiring/object-edge-hiring-challenge

**Telegram** -  t.me/placementkit"
-1001184271074,"Tata Power is hiring 
Position: Lead Engineer
 Apply: https://bit.ly/3upcBQx
 All the best.
 Join YouTube: https://bit.ly/3gO5YTz
 Share with your friends & colleagues"
-1001184271074,"HP is hiring 
Position: Operational Analyst
 Apply: https://bit.ly/2PbKLHD
 All the best."
-1001309472884,"Zoho Off Campus Fresher Hiring For Technical Support

Location : Chennai

Qualification : B.E / B.Tech / M.E / M.Tech

Work Experience : Freshers

Apply : https://bit.ly/3bPm6Rv"
-1001135264574,"**Paytm is hiring Interns!!**

 **Position**: Internship-General Application

 **Eligibility:**Students from any stream can apply!

 **Duration**: 8 Weeks-16 weeks

 **Details:** https://bit.ly/2BZbeS5"
-1001184271074,"Wipro is hiring 
Position: Graduate Engineer Trainee
 Apply: https://bit.ly/2Qmhmv1
 All the best."
-1001590952025,"Cisco hiring for System Engineer Intern
Qualification : BE/B.Tech/ME/M.Tech (CSE, IT, ECE)
Location : Bangalore
Experience : 0 - 1 Years
Apply Now: https://nexturl.in/GDWii"
-1001184271074,"Cuelogic is hiring 
Position: Offcampus Drive
 Apply: https://bit.ly/3rb7MZd
 All the best."
-1001562730876,"**Most Popular Java Interview Questions**

**All About Job For Fresher** :  https://youtu.be/_OM5NkUVE1Y

**TCS Drive**: https://youtu.be/P5DLCfcCxRA

**Java Interview Questions**: https://jobforfreshar.in/index.php/java-interview-questions/

**WhatsApp**: https://chat.whatsapp.com/Ex9KmDKIyOmCZMxRRl6TjU

**Main Telegram**: https://t.me/placementkit

**Share This Info To Your Friends and WhatsApp Group**"
-1001309472884,"Hitachi Off Campus Hiring Fresher For Software Development Engineer in Test

Location : Bangalore

Qualification : B.Tech/M.Tech/B.Sc/M.Sc

Work Experience : Fresher to 2 Year

CTC    : 4 LPA

Apply Link : https://bit.ly/3fCfLeI

Telegram Group Link : https://t.me/fresheroffcampus"
-1001562730876,"`Hexaware Off Campus
4LPA

`**2021 Batch
**https://bit.ly/3kPtGjJ

**2022 Batch
**https://bit.ly/3nxK5uT

 Share post with your College-mates
**Telegram** - t.me/placementkit"
-1001609679653,"**Share Chat Drive 2022 | For Intern**

Degree: Bachelors Degree

Branch: Any Stream

Batch: 2021, 22, 2023

Salary:  30k Per Months*

Experience: Fresher

**Apply Link**: https://placementkit.in/share-chat-drive-2022/

**WhatsApp**: https://chat.whatsapp.com/IvzWoTfuK433zLlhC2KrO8

**Telegram**: https://t.me/placements_study_materials

**Share This Info To Your Friends and WhatsApp Group**"
-1001609679653,"**Wipro Hiring 2022 | For Graduate Engineer Trainee**

 **Degree**: BE, BTech, ME, MTech, MCA, MSc
 **Batch**: 2019, 20, 21, 22
 **CTC** -  3.5 LPA*

 **Apply Link** - https://bit.ly/3cBtseY

 **Telegram** - https://t.me/offcampusdrive_it"
-1001184271074,"Bank of America is hiring 
Position: Team Member
 Apply: https://bit.ly/3rMIMrG
 All the best."
-1001590952025,"Microchip Technology Hiring Freshers For Intern - Validation Position - 
BE/BTech
Location: Across India
Apply Now: https://oflatest.net/bio/"
-1001380637350,"`Goldman Sachs Offcampus - 2021 & 2022 Batch

`**Analyst**: 2021 Batch
**Summer Internship**: 2022 Batch

https://www.goldmansachs.com/careers/students/programs/india/engineers-campus-hiring-program.html

~via @PrepFlix"
-1001135264574,"""Top 10 Internships of the Week""

**We have shared 100+ Opportunities on** https://bit.ly/oc_insta

1. **United Nations** is hiring **Interns** (Apply by Today)
Details:https://bit.ly/un_oc

2. **IIM Bangalore** is hiring **Research Interns**
Details: https://bit.ly/iimb_oc

3. **UNESCO** is hiring **Interns**
Details: https://bit.ly/unesco_oc

4. **Human Rights Law Network** is hiring **Interns**
Details: https://bit.ly/3aASvcU

5. **Google** is hiring **Interns**
Details: https://bit.ly/google_oc

**We have shared 100+ Opportunities on** https://bit.ly/oc_insta

6. **McKinsey & Company** is hiring **Interns**
Details: https://bit.ly/3hQ86Yg

7. **Puma** is hiring **Interns**
Details:https://bit.ly/puma_oc

8. **Mi Xiaomi** is hiring **Interns**
Details: https://bit.ly/mi_oc

9. **Intel** is hiring **Student Interns**
Details: https://bit.ly/2DWBIVF

10. **Think India** is hiring **Interns**
Details:https://bit.ly/3azeTmP
_______________________________
*Posting 10+ Educational Opportunities daily:*
 Instagram: https://bit.ly/oc_insta
 Telegram: https://lnkd.in/gVzTsTX
 WhatsApp:http://bit.ly/join_oc
 Facebook:https://bit.ly/oc_facebook
 LinkedIn:https://bit.ly/linkedin_oc
_______________________________"
-1001135264574,"**Myntra, Nestle , Motilal Oswal , Jio and Aditya Birla Health Insurance are hiring Interns!!**

1. **Myntra** is hiring Interns
 Position: HR Intern
 Stipend: 5-10K per month
Details: https://bit.ly/3emX22G

2. **Nestl** is hiring !!
 Positions:
1. Engineering Intern
2. Finance Intern
3. Operations and Supply Chain Intern
4. HR Intern
5. Marketing Intern
6. E-Commerce Intern
7. Information Technology Intern
8. Legal Corporate Governance Intern
9. Environment & Sustainability Intern
10. Packaging & Design Intern
11. Corporate Affairs Intern
12. Sales Intern
13. Digital Marketing Intern
14. Quality Assurance Intern
Note: All are Paid Internships!
Details: https://bit.ly/2CpTrnr

3. **Motilal Oswal Financial Services Ltd** is hiring interns!
 Positions:
1. Data Analytics Intern
2. Stock Market Research Intern
3. Marketing Intern
4. Business Development Intern
5. Relationship Management Intern

 Note: All internships are paid!
Details: https://bit.ly/2OhGRsS

4. **Jio** is hiring Interns!!
 Positions:
1. Social Media Internship 
2. Data Science Internship
3. Copywriter Internship
4. Analytics Intern
5. Python Intern
6. IT Operation
Details: https://bit.ly/2ZgoLxU

5. **Aditya Birla Health Insurance** is hiring Interns!
 Position: Intern
 Stipend: 12k per month
 Work from home opportunity!
Details:https://bit.ly/2Oga7Ah
_______
**Posting 10+ Educational Opportunities daily:**
 Instagram: https://bit.ly/oc_insta
 Telegram:https://lnkd.in/gVzTsTX
 WhatsApp:http://bit.ly/join_oc
 Facebook:https://bit.ly/oc_facebook
 LinkedIn:https://bit.ly/linkedin_oc
_______"
-1001135264574,"**2 out of 24 Best Opportunities!!**

**Short Term Opportunity as Research Assistant:Apply by 30 June**

 Eligibility: Pursing bachelors' & masters degree in Sociology /Anthropology /social sciences.
 Stipend: 25,000/per month

Details: https://bit.ly/2V5gNFb

_______________________________
Posting 10+ Educational Opportunities daily:
 *Instagram:* https://bit.ly/oc_insta
 *Telegram:* https://t.me/opportunitycellofficial
 *WhatsApp:* http://bit.ly/join_oc
 *Facebook:* https://bit.ly/oc_facebook
_______________________________"
-1001562730876,"**Tata Technologies Off Campus Drive 2022 | Freshers | GET | BE/ B.Tech**

**Company Name**: Tata 

**Qualification**: B.E / B.Tech

**Passing year**: fresher

**Apply link**: https://jobforfreshar.in/index.php/tata-technologies/

**WhatsApp**: https://chat.whatsapp.com/ES7QLquVeMrJtLsTPR5qfQ

**Main Telegram**: https://t.me/placementkit

**You Tube**: All About Job For Fresher 
Link: https://youtu.be/_OM5NkUVE1Y

**Share This Info To Your Friends and WhatsApp**"
-1001609679653,"**TCS HIRING | FOR National Qualifier Test (NQT)**

 **Degree**: Diploma, Arts, Science or Commerce 
 **Batch**: 2018 To 2024
 **CTC** -  3.6 LPA*

 **Apply Link** - https://bit.ly/3ciohjY

 **Telegram** - https://t.me/offcampusdrive_it"
-1001309472884,"PowerSchool Hiring Fresher For Associate Technical Support Engineer

Location : Bangalore

Qualification : Any Graduate

Work Experience : Fresher - 2 Year

Apply Link : https://bit.ly/3c8WTBH

Telegram Group Link : https://t.me/fresheroffcampus"
-1001135264574,"**Are you looking for Jobs/Internships?**
Or **Are you hiring Interns/Full Time Employees?**

We are in the middle of the biggest crisis of our generation. Our decisions today will shape the world for years to come. They will define not only our healthcare systems but also our work, leisure, travel, empathy and learning.

**What we are doing?**
To create new opportunities for those who have lost jobs and internships, Opportunity Cell is crowd-sourcing from the best and brightest around the world.

**What you have to do?**
 Comment **Hiring** (if you are currently hiring full time employees and/or interns. ) 
 Comment **Looking for Internship/ Jobs** (if you are a student or a professional searching for Internship or Job.)
 _Please do share among your network! May be it can help someone._ 

**We will share the Document compiling all the available opportunities to the Email IDs in every 2 Days.
**
https://www.linkedin.com/posts/opportunitycell_tagyourfriends-helpeachother-internship-activity-6687979470797754368-X_4-"
-1001609679653,"**HCL Technologies is Hiring**

Batch:- 2020, 2021, 2022

**Apply** @ https://bit.ly/3RTWp5k
Last Date:- ASAP

Join our telegram for regular updates and help:- https://linktr.ee/jobforfresher.in

**Share This Info To Your Friends and WhatsApp Group**"
-1001609679653,"**Wiley Edge Hiring Fresher | For Graduate Java Developer**

 **Degree**: Any Graduate 
 **Batch**: 2021 & 2022
 **CTC** -  5 LPA*

 **Apply Link** - https://bit.ly/3f3Dne4

 **Telegram** - https://t.me/offcampusdrive_it"
-1001590952025,"ServiceNow Off Campus Hiring Freshers For Software QA Engineer position
BE/BTech/MCA
Location: Hyderabad
Apply Now: https://oflatest.net/bio/"
-1001590952025,"Motorola Off Campus Drive hiring for Internship Trainee position
BE /B.Tech /ME /M.Tech (CSE, IT, ECE)
Location : Bangalore
Apply Now: https://oflatest.net/bio/"
-1001590952025,"Citibank off campus hiring for Programmer Analyst Position - BE/BTech/BCA/MCA, Location: Pune
https://oflatest.net/"
-1001590952025,"Tata Communications Off Campus Drive hiring System Engineer
Qualification : BE/B.Tech (ECE, EEE)
Location: Pune
Experience: 0  2 Years
2020/2021 graduates
Apply Link: https://nexturl.in/ixMLz"
-1001184271074,"Birlasoft is hiring 
Position: Trainee Developer
 Apply: https://rb.gy/uvro9q
 All the best."
-1001590952025,"Amazon Hiring Freshers for Applied Scientist Intern Position
Qualification: BE/ BTech/ ME/ MTech
Location: Karnataka
Apply Now: https://nexturl.in/OZ92W"
-1001590952025,"Wingspan Global Solutions hiring for BPO/Telecaller
Location: Hyderabad
Salary: 9,000 - 12,500 Monthly
Hiring Process : Face to Face Interview
Who can apply : Freshers
Last Date: 04 Oct 2021
Apply Now: https://nexturl.in/Cq70m"
-1001184271074,"Infosys is hiring 
Position: Java Developer
 Apply: https://infy.com/3reePjg
 All the best."
-1001562730876,"`MetricStream Off Campus | 2021 Batch | 6LPA

`https://bit.ly/3IkrQRi

**Telegram** - t.me/placementkit"
-1001609679653,"**Tech Mahindra Hiring 2022 | For** **Customer support Associate**

 **Degree**: 12th, Any Degree, Any Masters
 **Batch**: All Batch
 **CTC** -  2.75 LPA*

** Apply Link** - https://bit.ly/3K0oK70

 **Telegram** - t.me/prepflix"
-1001299734537,https://www.linkedin.com/posts/shreya-agarwal_internshipopportunity-collegestudents-internship-activity-6662025598443106307-wdgo
-1001309472884,"HP Enterprise Hiring Fresher For Software Engineer

Location  : Bangalore

Qualification  : B.E/B.Tech/M.E/M.TECH

Batch   : 2019/2020/2021

Work Experience : Fresher

CTC  : 5 - 6 LPA

Apply Link  : https://bit.ly/35nc7iY

Telegram Group Link : https://t.me/fresheroffcampus"
-1001590952025,"CRED is hiring for Campaign operation interns, 
Freshers can apply
4-month internship (September - December 2021)
Batch and Branch not disclosed
Apply Now: https://nexturl.in/CL9gl"
-1001609679653,"**Protegrity Drive 2022 | For Trainee Software Engineer  DEV**

Degree: B.E/B.Tech/B.Sc/MCA

Branch: All Branch

Batch: Not Mentioned

Salary:  3.4 LPA*

Experience: Fresher

Location: Across India

**Apply Link**: https://placementkit.in/protegrity-off-campus-drive-2022/

**Telegram**: https://t.me/placementkit

**Share This Info To Your Friends and WhatsApp Group**"
-1001562730876,"Deloitte Off Campus Hiring | Analyst

https://apply.deloitte.com/careers/JobDetail/Deloitte-Consulting-Analyst-Strategy-FY21/2030

**Source** - t.me/placementkit"
-1001184271074,"Factset is hiring 
Position: Software Engineer
 Apply: https://bit.ly/3mu7Jq9
 All the best."
-1001590952025,"Larsen & Toubro (L&T) hiring for Software Engineer Position  BE/B.Tech, 2019/2020/2021 graduates can apply
https://oflatest.net/lnt-software-engineer-position/"
-1001184271074,"ShareChat is hiring 
Position: Engineering Intern
 Apply: https://bit.ly/3eyRww5
 All the best."
-1001562730876,"Cognizant Freshers Hiring 2022 as Trainee of Any Degree Graduate

Company name : Cognizant

Position : Trainee

Degree : B.E / B. Tech / B. Sc / BCA / B. Com / M.E / M. Tech / M. Sc / MCA

Pass Out Years : 2019 / 2020 / 2021 / 2022

Apply link: https://jobforfreshar.in/index.php/cognizant-4/"
-1001135264574,"**4 out of 24 Best Opportunities!!**

**Arunachal Pradesh CM Fellowship 2020**!!

 **Eligibility**: Graduates from Top Universities
 **Salary**: Rs.70,000 per month.

Details: **https://bit.ly/ap_cmfellow**"
-1001590952025,"Infosys off campus drive hiring freshers for Information Security Engineer
Batch: 2020 and 2021
Degree: BE/ B.Tech/ ME /M.Tech /MS
Location: Across India
Last date to apply: 10 August 2021
Apply Now: https://oflatest.net/bio/"
-1001309472884,"Esko Hiring Fresher QA Engineer Trainee

Location : Bangalore

Qualification : All Engineer Graduate

Work Experience : 0 - 3 Years

Apply Link : https://bit.ly/3fjt8QU

Telegram Group Link : https://t.me/fresheroffcampus"
-1001309472884,"Google Off Campus Hiring Fresher For Software Engineer

Location : Bangalore

Qualification : B.E/B.Tech/M.E/M.Tech

Batch : 2019/2020/2021

Work Experience : Fresher

Apply Link : https://bit.ly/3pjiFYI

Telegram Group Link : https://t.me/fresheroffcampus"
-1001562730876,"**Most Important HR Questions with Answers**
Must read before interview 

Exclusive on Telegram @placementkit"
-1001184271074,"Caterpillar is hiring 
Position: Associate Engineer
 Apply: https://bit.ly/3qfWstM
 All the best."
-1001135264574,"**MyGov, Government of India** is hiring **Young Professions!**

 **Eligibility:** Graduates/PostGraduates
 **Freshers** are eligible to apply!
 **Details:** https://bit.ly/mygov_yp"
-1001184271074,"PayPal is hiring 
Position: Offcampus Drive
 Apply: https://bit.ly/3mCxZ1m"
-1001135264574,"**Google** is hiring **Interns**!

 **Position**
MBA Intern

 **How to Apply**
https://bit.ly/oc_google

All the Best!"
-1001135264574,"**University of California, Berkeley** is hiring Research Interns!!

 Work From Home & Paid.
 Students from any stream can apply.

**How to Apply:**
Interested Candidates Please Mail your CV to Pranav Gupta (pranavgupta@berkeley.edu).

**Last Date to Apply:** July 5th 2020.

Incase you want more details, Check out our Instagram Story
https://bit.ly/oc_insta
___
Posting 10+ Educational Opportunities daily:
 Instagram: ____https://bit.ly/oc_insta____
 Telegram: ____https://t.me/opportunitycellofficial____
 WhatsApp: ____http://bit.ly/join_oc____
 Facebook: ____https://bit.ly/oc_facebook____
 LinkedIn:
____https://bit.ly/linkedin_oc____
___"
-1001609679653,"**HCL Off Campus Drive 2022 | For Multiple post**

Degree: BE, B Tech

Branch: All Branch

Batch: 2022

Salary:  3.4 LPA*

Experience: Fresher

**Apply Link**: https://placementkit.in/hcl-off-campus-drive-2022/

**Telegram**: https://t.me/offcampusdrive_it

**Share This Info To Your Friends and WhatsApp Group**"
-1001135264574,"**Stanford University** is hiring **Research Interns!!**

 Project is in collaboration with WorldWideFund.
 Students from any stream can apply.
 Stipend is negotiable.

**Details:** https://bit.ly/2D62ric
_______________________________
**Posting 10+ Educational Opportunities daily:**
 Instagram:https://bit.ly/oc_insta
 Telegram:https://lnkd.in/gVzTsTX
 WhatsApp:http://bit.ly/join_oc
 Facebook:https://bit.ly/oc_facebook
 LinkedIn:https://bit.ly/linkedin_oc
_______________________________"
-1001184271074,"IBM is hiring 
Position: Delivery Packaging Analyst
 Apply: https://ibm.co/3e9Ff2M
 All the best."
-1001184271074,"Nokia is hiring 
Position: Applied R&D Engineer
 Apply: https://bit.ly/3x9EKwL
 All the best."
-1001135264574,"Hey,
We have shared **some of the best upcoming Webinars and Best Internship Opportunities in our Story!!**

It's our promise, you will not regret!
https://bit.ly/oc_insta

Follow us on Instagram to never miss an update regarding Webinars or Internships!"
-1001419646388,"*Have you Registered for TCS NQT '21 and not sure of how to prepare?*
or
*Are you from 2021/22/20/19 batch and wanted to know if and why you should give TCS NQT ?*
or
*Are you from a Core Branch and are worried about your placement?*

In this video I have shared complete details of TCS NQT Exam to be conducted in Feb 2021 and The 15 days strategy to crack #TCSNQT with a complete roadmap.

Key Points :
-Batch of *2021/22/20/19* Eligible.
-All branches Eligible.
-No *CGPA* Criteria
-No Registration Fee.
- *Aptitude/Reasoning* (Major) and Coding (Basic)
-More than 15+ IT Companies hiring through *NQT score*.

https://www.linkedin.com/posts/arshgoyal_tcsnqt-tataconsultancyservices-placement-activity-6761544251764445184-jRPt"
-1001380637350,"`Prolifics Hiring Trainee | BE/M.Tech/MCA | 2019/2020/ 2021/2022 Batch | 3LPA

`bit.ly/3g1G6Sd

**Note - **Online Assessment Ends on 3rd June 5pm

~via @PrepFlix"
-1001562730876,"`Capgemini Pool Campus | B.Tech & MCA | 2022 Batch
CTC - 3.6 LPA
 Last Date - 15 DEC`

**Apply Link -** [Click Here
](https://www.capgemini.com/in-en/capgemini-exceller-pooled-campus-drive-for-engineering-mca-graduates-2022-batch/)
**Telegram -** @placementkit"
-1001309472884,"Gartner Hiring Fresher For Market Research Specialist SRS

Location : Gurgaon

Qualification : B.E/B.Tech/M.E/M.Tech/MBA

Batch  : 2020,2021

CTC : 7 - 7.5 LPA

Work Experience : Fresher

Apply Link   : https://bit.ly/2UF7hv5

Telegram Group Link : https://t.me/fresheroffcampus"
-1001609679653,"**Cognizant Off Campus Drive 2022 | For Manager Projects**

Degree: BE, B Tech, BSC, MSC, MCA

Branch: Any Branches

Batch: 2018, 19, 20, 21, 22

Salary: INR 3.6 LPA*

Experience: Fresher

**Apply Link**: https://placementkit.in/cognizant-off-campus-drive-2022/

**Telegram**: https://t.me/offcampusdrive_it

**Share This Info To Your Friends and WhatsApp Group**"
-1001590952025,"Replicon is hiring for Trainee HR role
Qualification: MBA/PGDM, BBA/BBM
Batch: 2020 and 2021
Salary:
6 months Internship  INR 21,500 per month
Post conversion after internship INR 3.3 LPA + Annual Bonus
Apply Now: https://nexturl.in/lxwBC"
-1001380637350,"`HCL IS HIRING PRODUCT SUPPORT ENGINEER | 2.75lpa | 2019 2020 Batch

`bit.ly/34wh5sW

~via @PrepFlix"
-1001380637350,"```Atos Hiring Freshers Trainee

```atos.net/en/india/campus-recruitment-form

~via @PrepFlix"
-1001590952025,"Optum Off Campus Hiring For Software Engineer Position
BE/BTech/ME/MTech
Location: Hyderabad
Apply Now: https://oflatest.net/bio/"
-1001590952025,"Yes Bank hiring for Relationship Manager
Location: Chennai
Education:  Graduate/Post Graduate or MBA from a recognized university/premium business schools
Apply Now: https://nexturl.in/8YdFm"
-1001184271074,"AVEVA is hiring 
Position: R&D Engineer
 Apply: https://bit.ly/3rXuHHj
 All the best."
-1001135264574,"**Ernst & Young (EY) is hiring!**

**Position:**
Associate

**Eligibility:**
Graduate / Post-graduate in any field(Fresher's are Eligible)

**Details:**
https://bit.ly/3jrDP35
___________________________
**Posting 10+ Educational Opportunities daily:**
 Instagram: https://bit.ly/oc_insta
 Telegram: https://lnkd.in/gVzTsTX
 WhatsApp: http://bit.ly/join_oc
 Facebook: https://bit.ly/oc_facebook
 LinkedIn: https://bit.ly/linkedin_oc
___________________________"
-1001562730876,"TOP 50 JAVA INTERVIEW QUESTIONS | FREE

__Join ____t.me/placementkit__"
-1001590952025,"Rolls Royce Off Campus Drive hiring for Stress Engineer
Location : Bangalore
Qualification: BE/B.Tech/ME/M.Tech - Aeronautical, Mechanical
Experience : 0 - 2 Years
Apply Now: https://nexturl.in/TS93c"
-1001135264574,"**Nestl is hiring Interns !!**

**Eligibility:**
 Available for Work from Home
 Pursuing Bachelors or Higher Education in any field.

**Perks**
 Stipend
 Certificate
 Mentoring and Training.

Details: https://bit.ly/nesternship"
-1001380637350,"```CDK Global Hiring Support Engineer | 4.5lpa | 2021 Batch

```bit.ly/3ofmGwM

~via @PrepFlix"
-1001562730876,"`Dell Hiring Software Engineer - DevOps | 2021 & Earlier Batches 

`jobs.dell.com/job/bengaluru/software-engineer-devops/375/19549073

**Telegram** - t.me/placementkit"
-1001562730876,"**Mphasis Recruitment 2022 For Associate Software Engineer**

**Company Name**: Mphasis

**Role**: Associate Software Engineer

**Location**: Pune

**Experience**: Fresher

**Batch**: 2021 & 2022 

**Job Type**: Full Time

**Salary**: Best In Industry

**Apply link**: https://jobforfreshar.in/index.php/mphasis/

**Whatsapp**: https://chat.whatsapp.com/DSEfdRun1L42ObeLVQWBem

**Main Telegram**: https://t.me/placementkit

**You Tube**: All About Job For Fresher 
Link: https://youtu.be/_OM5NkUVE1Y

**Share This Info To Your Friends and WhatsApp Group**"
-1001590952025,"Zomato Off Campus Drive Hiring freshers for Interns Position
Any Graduate can apply
Stipend: 15,000 per month
Duration: 23 August 2021 - 31 January 2022
Batch: 2021
Apply Now: https://nexturl.in/ali4B"
-1001309472884,"Nokia Off Campus Hiring Fresher For Graduate Engineer Trainee

Location   : Bangalore/Chennai/Gurgaon/Noida

Qualification   : B.E/B.Tech/M.E/M.Tech

Batch     : 2019/2020/2021 only

Work Experience : Fresher

Apply Link   : https://bit.ly/3pNcuwt

Telegram Group Link : https://t.me/fresheroffcampus"
-1001562730876,"`Cornerstone Hiring Associate Engineer | B.Tech | 2020-21 Batch`**

Link to apply:** https://cornerstone.csod.com/ux/ats/careersite/2/home?c=cornerstone&source=Indeed#/requisition/6677**
  
Telegram - **t.me/placementkit"
-1001419646388,"*Operation Theatre Series*

*Episode 1 | American Express | Full-Time and Internships*

-Intro - American Express
-Profiles - Software Engineer (Technology / Credit and Fraud Risk / EDA) : Intern and Full Time
-CTC - Breakup and Stipend
-Online Test-Interview Rounds Software Engineer(Technology)
-Online Test-Interview Rounds Software Engineer(Credit and Fraud Risk/ EDA)
- *Previous Year Questions*
-Work Culture
- *Off-Campus Online Hiring Challenge*
- Amex Codestreet Hackathon (Hiring)
-TechGig Geek Goddess (Females Hiring Opportunity- -Internship and Full Time)
-Tips and Tricks for American Express
-Resume for Amex
https://www.linkedin.com/posts/arshgoyal_internship-tech-programming-activity-6762973134669787136-Ib-6"
-1001135264574,"**UNDP** is hiring **District Coordination Officer's**

 Eligibility: Bachelor's Degree
 Multiple Locations
 Remuneration: Rs.77,809 Per month.

Details: https://bit.ly/31YCx8m
___________
 Shared **""Top 10 Internship/Job Opportunities You Must Apply""** on https://bit.ly/oc_insta
 ___________"
-1001590952025,"Wipro hiring for Production Specialist - Uber
Location: Hyderabad
Any Graduate can apply
Apply Now: https://nexturl.in/yocaz"
-1001609679653,"**Wipro Hiring 2022 | For Data Scientist OR  Sabic**

 **Degree**: Bachelors Degree
 **Batch**: 2018, 19, 20, 21, 22
 **CTC** -  3.5 LPA*

 **Apply Link** - https://bit.ly/3Bi5Owr

 **Telegram** - https://t.me/offcampusdrive_it"
-1001562730876,"**Mindtree is Hiring **| **Software Engineer | 2021 & 2022 Batch
** 4LPA

**Last date to Apply -** 11th November, 2021

**Link to apply -** https://bit.ly/Apply-for-Mindtree

**Telegram -** t.me/placementkit"
-1001609679653,"**KPMG Off Campus Drive 2022 | For Analyst**

Degree: BE, B Tech, BCA, B COM, BBA

Branch: Any Stream

Batch: 2018, 19, 20, 21, 2022

Salary:  4.5 LPA*

Experience: Fresher (0  1)

**Apply Link**: https://placementkit.in/kpmg-off-campus-drive-2022/

**WhatsApp**: https://chat.whatsapp.com/IvzWoTfuK433zLlhC2KrO8

**Telegram**: https://t.me/placements_study_materials

**Share This Info To Your Friends and WhatsApp Group**"
-1001309472884,"Virtusa June Off Campus Hiring Fresher For Associate Engineering Role

Location  : Bangalore,Chennai,Hyderabad,Pune

Qualification  : B.E/B.Tech/MCA

Batch   : 2020/2021 only

Work Experience : Fresher

CTC  : 4 LPA

Apply Link  : https://bit.ly/3zr8lCZ

Telegram Group Link : https://t.me/fresheroffcampus"
-1001380637350,"```CDK GLOBAL Hiring Interns | 2022 Batch | BCA,BCS,MCS and MCA | 15000 Stipend

```bit.ly/34AIUQW

~via @PrepFlix"
-1001135264574,"Office of Mr. **Jyotiraditya Scindia**, Member of Parliament, Ex.Central Minister, is **hiring Interns**!!

 Proficiency in English & Hindi is must.
 Full Time Job Offer to best interns.
 Stipend Available during Internship.

**How to Apply**:
Interested Candidates may apply by sending Email at jms@jmscindia.in with the subject ""Application for Internship"" along with their CV and brief cover letter written in Hindi.

**For more details, Check out our Instagram Story:**
https://bit.ly/oc_insta"
-1001562730876,"**TCS Off Campus 2022 Drive**

**Company Name**:  TCS

**Qualification**: Any Graduates, Post Graduates, BE, B.Tech, MBA, MCA, ME, M.Tech

**Year Of Passing**: 2023, 2022, 2021
Experience Freshers

**Job Role**: Trainee Engineer

**Location**: PAN India

**Apply link**:  https://jobforfreshar.in/index.php/tcs-3/

**WhatsApp**: https://chat.whatsapp.com/IUZKCR0HWDE6vL1V97H6dX

**Main Telegram**: https://t.me/placementkit

**You Tube**: All About The Job For Fresher  
Link: https://youtu.be/_OM5NkUVE1Y

**Share This Info To Your Friends and WhatsApp Group**"
-1001590952025,"Wipro is hiring for Associate Analyst position
Location: Chennai
Any Graduate and Experience in BPO Environment candidates can also apply
Salary: 2.25-3 LPA (Expected)
Apply Now: https://nexturl.in/YOEdx"
-1001309472884,"BluJay Solutions Off Campus Hiring Fresher For Management Trainee

Location : Hyderabad

Qualification : BE/B.Tech/B.Sc/BCA/M.Sc/MCA  2019 or 2020 Passout only

CTC : 3.5 - 4 LPA

Work Experience : Fresher

Service Bond : No

Apply Link : https://bit.ly/3c2pU1Y

Telegram Group Link : https://t.me/fresheroffcampus"
-1001135264574,"**Jio is hiring Interns!!**

**Positions:**
1. Social Media Internship 
2. Data Science Internship
3. Copywriter Internship
4. Analytics Intern
5. Python Intern
6. IT Operation

**Details**:
https://lnkd.in/dpMXJim
All the best
_______________________________
Posting 10+ Educational Opportunities daily:
 Instagram: https://bit.ly/oc_insta
 Telegram:https://lnkd.in/gVzTsTX
 WhatsApp:http://bit.ly/join_oc
 Facebook:https://bit.ly/oc_facebook
 LinkedIn:https://bit.ly/linkedin_oc
_______________________________"
-1001609679653,"**Microsoft off Campus Drive 2022 | For Software Engineer**

Degree: BE/ B Tech or ME/ M Tech

Branch: All Branch

Batch: 2023

Salary: INR 10.25 LPA*

Experience: Fresher

**Apply Link**: https://placementkit.in/microsoft-off-campus-drive-2022/

**Telegram**: https://t.me/offcampusdrive_it

**Share This Info To Your Friends and WhatsApp Group**"
-1001609679653,"**Infosys Hiring 2022 | For Associate Business Analyst**

 **Degree**: B Tech, M Tech, BSC, MS
 **Batch**: 2018, 19, 20, 21, 22
 **CTC** -  3.5 LPA*

** Apply Link** - https://bit.ly/3BecUCe

 **Telegram** - https://t.me/offcampusdrive_it"
-1001309472884,"Oracle Hiring Fresher For Cloud Solution Engineer 1

Location : Bengaluru and Gurugram

Qualification : B.E/B.Tech/M.E/M.Tech/MCA

CTC  : 8 LPA

Batch : 2019,2020,2021

Work Experience : Fresher

Apply Link  : https://bit.ly/3gZ9URi

Telegram Group Link : https://t.me/fresheroffcampus"
-1001590952025,"Amazon is hiring freshers for Digital Content Associate
Qualification: BE/B.Tech
Location: Chennai
2020/2021 graduates can apply
Apply Now: https://nexturl.in/0cezd"
-1001609679653,"**Microsoft Off Campus Drive 2022 | For Support Engineer Internship**

Degree: BE, B Tech

Branch: Any Branches

Batch: 2018, 19, 20, 21, 22

Salary: INR 25k/  per month

Experience: Fresher

**Apply Link**: https://placementkit.in/microsoft-off-campus-drive-2022-2/

**Telegram**: https://t.me/placementkit

**Share This Info To Your Friends and WhatsApp Group**"
-1001590952025,"Dell is hiring freshers for Security Engineer position at VMware
Location: Bangalore
Any Graduates and Post Graduates can apply
Apply Now: https://nexturl.in/qA8wK"
-1001590952025,"Amazon Hiring Freshers For Software Development Engineer Position
BE/BTech/MCA/ME/MTech
Location: ADCI HYD 13 SEZ, Hyderabad
Apply Now: https://oflatest.net/bio/"
-1001184271074,"Apple is hiring 
Position: Management Associate
 Apply: https://apple.co/3bVK10L
 All the best."
-1001562730876,"Siemens Off Campus 2022 for BE, B.Tech, MCA, ME, M.Tech Freshers

Name of the Company: Siemens

Qualification: BE, B.Tech, MCA, ME, M.Tech

Experience Level : Early Professional

Job Role : Off-Campus Freshers

Work Location : Bangalore

Official Website : www.siemens.com

Apply link: https://alljobsinindia.in/siemens-2/

Share This Info To Your Friends and WhatsApp Groups"
-1001419646388,https://www.linkedin.com/posts/arshgoyal_walmart-hiring-females-passing-out-in-2021-activity-6805131862386733056-6F5s
-1001309472884,"Intel Hiring Fresher For Graphics Software Engineer Intern | Intern Jobs

Qualification  : B.E/B.Tech/M.E/M.Tech

Salary on intern: 15K per month (after convert above 10LPA)

Batch   : 2019/2020/2021

Work Experience : Fresher

Apply Link  : https://bit.ly/2Te3m86

Telegram Group Link : https://t.me/fresheroffcampus"
-1001299734537,"Dear Sir/Madam,

Technology landscape has emerged out, in the past few weeks with value proposition for online meetings and video conferencing. Most of us are using available communication/networking platforms. These platforms share a majority in terms of usage but there are issues of data security, data breaching. Servers used for data storage are in different countries as they are not indigenous. Looking at this situation at a glance, there is an urge to create an Indigenous App as a solution.

Hence, Bharatiya Shikshan Mandal Yuva Ayam, Research For Resurgence Foundation and IIT Ropar jointly organizes Mobile Based Cloud Video Conferencing Competition to develop indigenous platform working on the basis of Data Pooling with no or minimal Dependence on large server, Beta version demo for minimum 50 users.

Winner will be awarded 5,00,000/-( Five Lakh Rupees Only) along with Development Support
3 Runner ups will get Internship from IIT Ropar
Last Date For :
Proposal Submission: 15th May 2020
Beta version Demo: 31st May 2020

For more details visit : http://rfrfoundation.org/competitions/


PFA:- https://drive.google.com/file/d/1ibJk62Mo3t_kS_kntN9-AzN7KFm7mKHE/view?usp=sharing

Regards
AICTE"
-1001184271074,"CISCO is hiring 
Position: Associate Sales Engineer
 Apply: https://bit.ly/3kHkwoc
 All the best."
-1001380637350,"```JMAN GROUP Hiring | 2019 2020 2021 Batch | 3lpa | B.E M.TECH MCA

```bit.ly/3aBBZuo

~via @PrepFlix"
-1001309472884,"Danfoss Hiring Analysis Engineer-Trainee | Freshers - 2 Years | Chennai

Location : Oragadam,Chennai

Qualification : Engineering Graduate

Work Experience : Fresher - 2 Years

Apply Link : https://bit.ly/3fijH3T

Telegram Group Link : https://t.me/fresheroffcampus"
-1001135264574,"Just now we have shared 15+ opportunities in Instagram.

**Highlights of the Opportunities Shared:**

**Internship Opportunities:**
 Research Internship
 Business Development Internship
 Content Writer 
 Digital Marketing 
 Business Analyst 
 Quality Analyst  
 Software Developer 
 Marketing 
 Product 
 Sales 
 Technology

**Full Time Roles:**
Client Engagement
Angular Developer
Nephrologist
Product Managers
Strategic Mangers
Business 

**Webinars**:
 Free Webinar on  Photography Contracts
 Janta Parliament

**We will be sharing many more opportunities throughout the day!**

Don't miss any opportunities!

**Link of our Instagram Page:** https://bit.ly/oc_insta"
-1001380637350,"`Uber HackTag | Hackathon | Internship and Join Opportunity

`https://dare2compete.com/o/uber-hacktag-uber-technologies-inc-148162

~via @prepflix"
-1001309472884,"Firstsource Hiring Fresher 2021 For Associate Software Engineer

Location : Chennai

Qualification : B.E/B.Tech/M.Tech

Batch : 2019/2020/2021

Work Experience : Fresher

Apply Link : https://bit.ly/3pmCjDh

Telegram Group Link : https://t.me/fresheroffcampus"
-1001590952025,"Magna is hiring for Software Developer
Location: Pune
0-10 Years experience
Bachelors degree in Computer Engineering / Software Engineering / Electrical Engineering / Computer Science or equivalent
Apply Now: https://nexturl.in/hESEB"
-1001609679653,"**TCS Plan To Hiring 40000 Fresher Employees**

TCS Plan To Hire 40000 Fresher Employees | Tata Consultancy Services (TCS), the countrys largest IT company, is preparing to hire 40 thousand employees.

**More Details**: https://placementkit.in/tcs-plan-to-hiring-40000-fresher-employees/

**Telegram**: https://t.me/offcampusdrive_it

**Share This Info To Your Friends and WhatsApp Group**"
-1001184271074,"Cloud Elements is hiring 
Position: Software Tester
 Apply: https://bit.ly/2OsOU9F
 All the best."
-1001380637350,"`Virtusa Hiring Associate Engineer | 2019 & 2020 Batch | 4lpa`

bit.ly/2PjNu21

~via @PrepFlix"
-1001135264574,"**Vedantu is hiring Interns!**

Vedantu is an Indian Interactive Online tutoring platform where teachers provide tuitions to students over the internet, using a real-time virtual learning environment named WAVE a technology built in-house.

**Positions : **
 Operations Intern
 Management Intern
 Proof Reading Intern
 Doubts Expert Intern

**Stipend:**
12,000-25,000 Per Month.

**How to apply :**
https://bit.ly/vedantu_oc

All the Best"
-1001380637350,Accenture Free Placement Materials by PREPFLIX
-1001309472884,"*Latest* Cognizant Off Campus Hiring Fresher For Programmer Trainee

Location : Chennai

Qualification : B.E/B.Tech/M.Tech

Batch : 2019/2020/2021

Work Experience : Fresher - 1 Year

CTC : 4 LPA

Apply Link : https://bit.ly/3pbWJ1T

Telegram Group Link : https://t.me/fresheroffcampus"
-1001309472884,"IBM Hiring Fresher For Technical Support Associate

Location : Bangalore Hyderabad Gurgaon

Qualification : Bachelors Degree

Work Experience : Fresher/Entry Level

CTC    : 3.5 - 4 LPA

Apply Link : https://bit.ly/2R77BBr

Telegram Group Link : @fresheroffcampus"
-1001135264574,"**United Nations** is hiring **Interns**!!!

**Eligibility**:
 Pursuing Graduation/ Post-graduation in any field.

**Details**: https://bit.ly/un_oc

**Follow** https://bit.ly/oc_insta **for more updates**

All the Best"
-1001135264574,"**DRDO** is hiring Fresh Graduates as **Scientists**

 **Eligibility:** Engineering, Sciences & Pyschology.

 **Salary**: 80,000 per month.

**Note:** Fresher's & Students who have appeared final exams or going to appear are Eligible.

Details: https://bit.ly/30yXk1I

All the Best!"
-1001135264574,"**McKinsey & Company** is hiring!

**Position:**
Associate Intern

**Locations:**
 70+ Locations across the World.
 In India, New Delhi, Chennai & Mumbai.

**Details:**
https://mck.co/3g7xSH8

All the Best!
_______________________________
Posting 10+ Educational Opportunities daily:
 Instagram: https://bit.ly/oc_insta
 Telegram: https://lnkd.in/gVzTsTX
 WhatsApp: http://bit.ly/join_oc
 Facebook: https://bit.ly/oc_facebook
 LinkedIn: https://bit.ly/linkedin_oc
_______________________________"
-1001309472884,"Rocket Software Off Campus Hiring Fresher For Software Engineer

Location   : Pune

Qualification   : B.E/B.Tech

Batch     : 2019/2020/2021

Work Experience : Fresher

CTC    : 3.5 - 6 LPA

Apply Link   : https://bit.ly/3uQBJib

Telegram Group Link : https://t.me/fresheroffcampus"
-1001609679653,"**Wipro Hiring 2022 | For Graduate Engineer Trainee**

 **Degree**: BE, BTech, ME, MTech, MCA, MSC
 **Batch**: 2019, 20, 21, 22
 **CTC** -  3.5 LPA*

 **Apply Link** - https://bit.ly/3x8X6zl

 **Telegram** - https://t.me/offcampusdrive_it"
-1001309472884,"Micro Focus Hiring Fresher For QA Engineer (Automation and Manual)

Location : Bangalore

Qualification : B.E B.TECH / M.E M.Tech

Work Experience : Fresher to 2 Year

CTC          : 3.5 - 5.5 LPA

Apply Link : https://bit.ly/2SFpcAU

Telegram Group Link : @fresheroffcampus"
-1001135264574,"Hey,
We have shared **some of the best opportunities of this month!**

**Highlights of opportunities shared today:**

1.Angel Funded Startup is hiring Intern's
2.Legal Law is hiring Law Intern's
3.Delivery hiring Mangers for Multiple Location's
4.YesBank is hiring Manager's
5.Urban Company is hiring Trainer's
6.Vedantu is hiring Counselor's
7.Godrej Housing Finance is hiring Consultant's
8.Reaseach Internship
9.TERI is hiring Research Interns
10.NBA is hiring Legal Interns
11.EY hiring Freshers as Associate's
12. Webinar's

**Checkout at** https://bit.ly/oc_insta

**Also don't forget to checkout the highlights too(Collection of 150+ Opportunities)**

All the Best "
-1001184271074,"SubeX is hiring 
Position: Software Tester
 Apply: https://rb.gy/utryga
 All the best."
-1001609679653,"**TCS NINJA & Digital Interview Questions**

**Link**: https://bit.ly/3xnIR96

**JAVA**: https://bit.ly/3xnIR96

**SQL**: https://bit.ly/3xnIR96

**Accenture Drive | For Project Management**

Degree: Any Degree
Branch: Any Stream
Batch: 2018, 19, 20, 21, 2022
Salary:  3.6 LPA*
Experience: Fresher (0  1)

**Apply Link**: https://placementkit.in/accenture-off-campus-drive-for-project-management/

 **Share This Info To Your Friends.**"
-1001135264574,"**Internship Opportunity at Think India, Bihar**(Work From Home): Apply by August 20

Think India Bihar invites students of UG/PG and research scholars from any field for a research based internship. 

**Details:**https://bit.ly/3azeTmP"
-1001135264574,"**Are you looking for an Fully Funded Trip to Turkey??**

Participate Now in **Global Peace Summit, Turkey 2020**

**Eligibility**:
 16-35 Years
 Any Stream/Any Level of Education.
 Any Country

Covers:
 Round Air-Ticket
 Accommodation
 Certificate
 Meals (Breakfast and Lunch) 
 Site Seeing, Cultural Evening Ceremony, Celebration Party.

**Details**: https://bit.ly/31VfBZh"
-1001562730876,"**Airbus Freshers Hiring 2022 as Software Engineer of Any Degree Graduate**

**Company Name**: Airbus SE

**Position**: Software Engineer

**Degree**: BE / B Tech

**Pass Out Years**: 2018 / 2019 / 2020 / 2021

**Job Location**: Bangalore

**Salary**: As Per IT Industry

**Apply link:** https://youtu.be/LWZfo4SvPIM

**Whatsapp**: https://chat.whatsapp.com/D8PP3DA447bBOQmS1qA4f3

**Main Telegram**: https://t.me/placementkit

**You Tube**: All About The Job For Fresher 
Link : https://youtu.be/_OM5NkUVE1Y

**Share This Info To Your Friends and WhatsApp Group**"
-1001562730876,"`Mindtree Off Campus Drive | 2021 Batch | 4LPA`

 **Last Date** - 24th Dec
mindtree.com/careers/campus-careers

**Telegram** - t.me/placementkit"
-1001184271074,"Oracle is hiring 
Position: Software Developer 1
 Apply: https://bit.ly/2RpAoB3
 All the best.
 Join YouTube: https://bit.ly/3gO5YTz
 Share with your friends & colleagues"
-1001184271074,"AstraZeneca is hiring 
Position: Junior Associate
 Apply: https://bit.ly/3sKsYWu
 All the best."
-1001562730876,"`Mindtree Off Campus Drive | 2020 & 2021 Batch
3LPA

` **DeadLine** - 27th Oct
mindtree.com/careers/campus-careers

**Telegram** - t.me/placementkit"
-1001309472884,"LG Soft Off Campus Hiring Fresher For Software Engineer

Location  : Bangalore

Qualification  : B.E/B.Tech

Batch   : 2020/2021 only

Work Experience : Fresher

CTC  : 4.8 LPA

Apply Link  : https://bit.ly/3pUym9j

Telegram Group Link : https://t.me/fresheroffcampus"
-1001590952025,"Volvo hiring for Associate Engineer
BE/B.Tech/ME/M.Tech (ECE, EEE)
Location: Bangalore
Experience:  0 - 1 Years
2020/2021 graduates
Apply Now: https://nexturl.in/hakKD"
-1001609679653,"**HSBC Off Campus Drive 2022 | For Trainee Software Engineer**

Degree: Bachelors or Masters Degree

Batch: 2018, 19, 20, 21, 2022

Salary:  3.7 LPA*

Experience: Fresher

**Apply Link**: https://placementkit.in/hsbc-off-campus-drive-2022/

**Telegram**: https://t.me/placementkit

**Share This Info To Your Friends and WhatsApp Group**"
-1001135264574,"**Wipro is hiring Interns!!**

If you're interested, check our recent Instagram Story:
*https://bit.ly/oc_insta*"
-1001609679653,"**Quantcast Recruitment 2022 | For Software Engineer**

Degree: Any Bachelor or Master Degree

Batch: Not Mentioned

Salary: Best In IT Industry*

Experience: Fresher (0  1)

**Apply Link**: https://placementkit.in/quantcast-recruitment-2022/

**WhatsApp**: https://chat.whatsapp.com/IvzWoTfuK433zLlhC2KrO8

**Telegram**: https://t.me/placements_study_materials

**Share This Info To Your Friends and WhatsApp Group**"
-1001590952025,"Genpact is currently hiring for Process associate role position: Details and Apply link
https://oflatest.net/genpact-process-associate-role/"
-1001380637350,"```Amdocs Hiring System Analyst

```jobs.amdocs.com/job/Pune-System-Analyst-MH/739566100

~via @PrepFlix"
-1001309472884,"Amazon Hiring Fresher For Selling Partner Support Associate | Work From Home

Location : Work From Home

Qualification : Any Graduate

Work Experience : Fresher

Response  : Instant Exam/Instant Job

Apply Link : https://bit.ly/3i6N0YX

Telegram Group Link : @fresheroffcampus"
-1001184271074,"MTX is hiring 
Position: Offcampus Drive
 Apply: https://bit.ly/3vLfJqI
 All the best."
-1001562730876,"**Amazon Hiring Cloud Associate**` | 2020 - 2022 batch | B.Tech/MCA`

https://www.amazon.jobs/en/jobs/1913301/cloud-support-associate

**Telegram -** t.me/prepflix"
-1001419646388,https://www.linkedin.com/posts/arshgoyal_microsoftlife-microsoft-internship-activity-6802972966905753600-AWwj
-1001184271074,"TCS is hiring 
Position: TCS NQT May Edition
 Apply: https://bit.ly/3eKzIju
 All the best."
-1001309472884,"Wipro Hiring Fresher For WILP Role 

Wipro Sponsored : M.Tech Degree
 
Location  : Across India

Qualification  : BCA, B.Sc

Batch   : 2021 only

Work Experience : Fresher

Last Date To Apply : 15 July 2021

Apply Link  : https://bit.ly/3zzscQh

Telegram Group Link : https://t.me/fresheroffcampus"
-1001380637350,"```Hexaware Off-campus Hiring - 2021 Batch

```https://www.firstnaukri.com/careers/customised/landingpage/hexaware/index.html

**Telegram**: @prepflix"
-1001135264574,"**McKinsey & Company** is hiring **Interns**

McKinsey & Company invites applications for the Associate Intern across 88 Locations in 22 Industries around the world.

 **Industries**: Engg., Social Sector, Healthcare, Media, Management etc.

**Details**: https://bit.ly/3hQ86Yg
_______________________________
**Posting 10+ Educational Opportunities daily:**
 Instagram: https://bit.ly/oc_insta
 Telegram:https://lnkd.in/gVzTsTX
 WhatsApp:http://bit.ly/join_oc
 Facebook:https://bit.ly/oc_facebook
 LinkedIn:https://bit.ly/linkedin_oc
_______________________________"
-1001309472884,"Amazon Pay Hiring Freshers For Software Development Engineer

Location : Bengaluru

Qualification : B.E/B.Tech/M.E/M.Tech/MBA

CTC  : 7 LPA

Batch : 2019,2020,2021

Work Experience : Fresher

Apply Link  : https://bit.ly/3jsLJMD

Telegram Group Link : https://t.me/fresheroffcampus"
-1001184271074,"Deloitte is hiring 
Position: Offcampus Drive
 Apply: https://bit.ly/2OnDtjq
 All the best."
-1001184271074,"Caterpillar is hiring 
Position: Designer
 Apply: https://bit.ly/3vug1kL
 All the best.
 Join YouTube: https://bit.ly/3gO5YTz
 Share with your friends & colleagues"
